epoch,train_loss,val_loss,train_accuracy,val_accuracy
0,1.2977617979049683,0.7107203602790833,0.4871794879436493,0.5
1,0.7810626029968262,0.6458945274353027,0.6666666865348816,0.5
2,0.6460492610931396,5.583683967590332,0.6153846383094788,0.5
3,5.191431522369385,3.9928436279296875,0.5128205418586731,0.5
4,2.384765148162842,0.9554672241210938,0.5128205418586731,0.5
