epoch,train_loss,val_loss,train_accuracy,val_accuracy
0,0.8153131604194641,0.6969121098518372,0.5384615659713745,0.5
1,0.729936957359314,1.0919458866119385,0.5128205418586731,0.5
2,0.6432911157608032,0.5598545074462891,0.5897436141967773,0.5
3,0.6412676572799683,0.281855046749115,0.692307710647583,0.8999999761581421
4,0.4648333489894867,0.5277568697929382,0.7948718070983887,0.800000011920929
5,0.8811931610107422,0.3865681290626526,0.692307710647583,0.800000011920929
6,0.6131702661514282,0.442473828792572,0.692307710647583,0.8999999761581421
